Masculine,Feminine
man,woman
boy,girl
waiter,waitress
uncle,aunt
father,mother
husband,wife
king,queen
prince,princess
actor,actress
hero,heroine
wizard,witch
master,mistress
lord,lady
sir,madam
gentleman,lady
businessman,businesswoman
fireman,firefighter
policeman,policewoman
chairman,chairwoman
salesman,saleswoman
cameraman,camerawoman
author,authoress
duke,duchess
beneficiary,benefactress
heir,heiress
sponsor,spokeswoman
bachelor,bachelorette
widower,widow
mr,ms
male,female
gay,lesbian
mister,maam